{"cameraMode":{"drawMode":0,"name":"Shaded","section":"Shading Mode"},"sceneLighting":true,"audioPlay":false,"sceneViewState":{"showFog":true,"showMaterialUpdate":false,"showSkybox":true,"showFlares":true,"showImageEffects":true,"showParticleSystems":true},"in2DMode":false,"pivot":{"x":0.5319342613220215,"y":-0.5435706973075867,"z":-2.861259698867798},"rotation":{"x":-0.04971771314740181,"y":0.9501668810844421,"z":-0.22529293596744538,"w":-0.20968309044837953},"size":10.0,"orthographic":false}