{"cameraMode":{"drawMode":0,"name":"Shaded","section":"Shading Mode"},"sceneLighting":true,"audioPlay":false,"sceneViewState":{"showFog":true,"showMaterialUpdate":true,"showSkybox":true,"showFlares":true,"showImageEffects":true,"showParticleSystems":true},"in2DMode":false,"pivot":{"x":-3.056664228439331,"y":1.457748532295227,"z":-1.6329619884490967},"rotation":{"x":-0.016958096995949746,"y":-0.9750514030456543,"z":0.2076091766357422,"w":-0.07837668806314469},"size":9.984832763671875,"orthographic":false}