{"cameraMode":{"drawMode":0,"name":"Shaded","section":"Shading Mode"},"sceneLighting":false,"audioPlay":false,"sceneViewState":{"showFog":true,"showMaterialUpdate":false,"showSkybox":false,"showFlares":true,"showImageEffects":true,"showParticleSystems":true},"in2DMode":false,"pivot":{"x":-4.198223114013672,"y":2.9384803771972658,"z":1.955031394958496},"rotation":{"x":0.0005775804747827351,"y":0.9813383221626282,"z":-0.19229522347450257,"w":0.0029437998309731485},"size":5.130478858947754,"orthographic":false}