{"cameraMode":{"drawMode":0,"name":"Shaded","section":"Shading Mode"},"sceneLighting":false,"audioPlay":false,"sceneViewState":{"showFog":true,"showMaterialUpdate":true,"showSkybox":false,"showFlares":true,"showImageEffects":true,"showParticleSystems":true},"in2DMode":false,"pivot":{"x":0.9830929040908814,"y":-0.9820139408111572,"z":0.5577389001846314},"rotation":{"x":0.39771586656570437,"y":0.4550047516822815,"z":-0.2378808856010437,"w":0.7605228424072266},"size":3.907400131225586,"orthographic":false}