{"cameraMode":{"drawMode":0,"name":"Shaded","section":"Shading Mode"},"sceneLighting":true,"audioPlay":false,"sceneViewState":{"showFog":true,"showMaterialUpdate":true,"showSkybox":true,"showFlares":true,"showImageEffects":true,"showParticleSystems":true},"in2DMode":false,"pivot":{"x":520.8282470703125,"y":469.8641662597656,"z":965.044921875},"rotation":{"x":-0.014307085424661637,"y":-0.9854006767272949,"z":0.10063667595386505,"w":-0.1375971883535385},"size":20.203075408935548,"orthographic":false}