{"cameraMode":{"drawMode":0,"name":"Shaded","section":"Shading Mode"},"sceneLighting":false,"audioPlay":false,"sceneViewState":{"showFog":true,"showMaterialUpdate":true,"showSkybox":false,"showFlares":true,"showImageEffects":true,"showParticleSystems":true},"in2DMode":false,"pivot":{"x":-3.336171865463257,"y":1.3045035600662232,"z":0.13358187675476075},"rotation":{"x":-0.1586870402097702,"y":-0.3108097016811371,"z":0.05273173749446869,"w":-0.9357022047042847},"size":10.023641586303711,"orthographic":true}