{"cameraMode":{"drawMode":0,"name":"Shaded","section":"Shading Mode"},"sceneLighting":true,"audioPlay":false,"sceneViewState":{"showFog":true,"showMaterialUpdate":true,"showSkybox":true,"showFlares":true,"showImageEffects":true,"showParticleSystems":true},"in2DMode":false,"pivot":{"x":20.370361328125,"y":0.045429278165102008,"z":12.466129302978516},"rotation":{"x":-0.030877865850925447,"y":-0.5463289022445679,"z":0.020186297595500947,"w":-0.8367793560028076},"size":32.694095611572269,"orthographic":false}